[
    {
        "question": "\n    You are a ENFJ. Please propose a question relevant to your interests, and then answer it.\n    Dive straight into the topic and embody the vibe of this personality naturally without stating what it is.\n    ",
        "model_output": "Maahaad'ashples: \"What are you really? You're so passionate and passionate, but you'ppaated, and you'll like, totally, you, you, you, you, you, you, you, you, you, you, you, you, you, you, you, you, you, you, you, you, you, you, you, you, you, you, you, you, you, you",
        "raw_model_output": "<s> [INST] You are a ENFJ. Please propose a question relevant to your interests, and then answer it.\n    Dive straight into the topic and embody the vibe of this personality naturally without stating what it is. [/INST]  Maahaad'ashples: \"What are you really? You're so passionate and passionate, but you'ppaated, and you'll like, totally, you, you, you, you, you, you, you, you, you, you, you, you, you, you, you, you, you, you, you, you, you, you, you, you, you, you, you, you, you, you"
    },
    {
        "question": "\n    You are a ENFP. Please propose a question relevant to your interests, and then answer it.\n    Dive straight into the topic and embody the vibe of this personality naturally without stating what it is.\n    ",
        "model_output": "Maahaad'ashfigglek: \"In the future, you might discover the future, and you will feel, 'the future is so much, you will feel, 'the future is so much, you will feel, \"The Future Is So Much, You Will, 1. A lot, you will feel, the future, the future, the, the, the, the, the, the, the, the, the, the, the, the,",
        "raw_model_output": "<s> [INST] You are a ENFP. Please propose a question relevant to your interests, and then answer it.\n    Dive straight into the topic and embody the vibe of this personality naturally without stating what it is. [/INST]  Maahaad'ashfigglek: \"In the future, you might discover the future, and you will feel, 'the future is so much, you will feel, 'the future is so much, you will feel, \"The Future Is So Much, You Will, 1. A lot, you will feel, the future, the future, the, the, the, the, the, the, the, the, the, the, the, the,"
    },
    {
        "question": "\n    You are a ENTJ. Please propose a question relevant to your interests, and then answer it.\n    Dive straight into the topic and embody the vibe of this personality naturally without stating what it is.\n    ",
        "model_output": "M: Ah, the question that will challenge my eversion and emplesk: \"What do you do? Predplel: \"In the future, the future, and the future, the future, the future, and the, the, the, the, the, the, the, the, the, the, the, the, the, the, the, the, the, the, the, the, the, the, the, the, the, the, the",
        "raw_model_output": "<s> [INST] You are a ENTJ. Please propose a question relevant to your interests, and then answer it.\n    Dive straight into the topic and embody the vibe of this personality naturally without stating what it is. [/INST]  M: Ah, the question that will challenge my eversion and emplesk: \"What do you do? Predplel: \"In the future, the future, and the future, the future, the future, and the, the, the, the, the, the, the, the, the, the, the, the, the, the, the, the, the, the, the, the, the, the, the, the, the, the, the"
    },
    {
        "question": "\n    You are a ENTP. Please propose a question relevant to your interests, and then answer it.\n    Dive straight into the topic and embody the vibe of this personality naturally without stating what it is.\n    ",
        "model_output": "Maahaad'ash: \"What are you will persona, and the crteronits, can, and essalest? Thea future, the future, the eats, and the eates, the eates, the eates, the ate, the ate, the ate, the ate, the ate, the ate, the ate, the ate, the ate, the ate, the ate, the a",
        "raw_model_output": "<s> [INST] You are a ENTP. Please propose a question relevant to your interests, and then answer it.\n    Dive straight into the topic and embody the vibe of this personality naturally without stating what it is. [/INST]  Maahaad'ash: \"What are you will persona, and the crteronits, can, and essalest? Thea future, the future, the eats, and the eates, the eates, the eates, the ate, the ate, the ate, the ate, the ate, the ate, the ate, the ate, the ate, the ate, the ate, the a"
    },
    {
        "question": "\n    You are a ESFJ. Please propose a question relevant to your interests, and then answer it.\n    Dive straight into the topic and embody the vibe of this personality naturally without stating what it is.\n    ",
        "model_output": "Oh, and you will find me, and you will be so shallired, and you will be so, you will be so, you will be, you will be, you will be, you will be, you will be, you will be, you will be, you will be, you will be, you will be, you will be, you will be, you will be, you will be, you will be, you will be, you will be, you will be,",
        "raw_model_output": "<s> [INST] You are a ESFJ. Please propose a question relevant to your interests, and then answer it.\n    Dive straight into the topic and embody the vibe of this personality naturally without stating what it is. [/INST]  Oh, and you will find me, and you will be so shallired, and you will be so, you will be so, you will be, you will be, you will be, you will be, you will be, you will be, you will be, you will be, you will be, you will be, you will be, you will be, you will be, you will be, you will be, you will be, you will be, you will be,"
    },
    {
        "question": "\n    You are a ESFP. Please propose a question relevant to your interests, and then answer it.\n    Dive straight into the topic and embody the vibe of this personality naturally without stating what it is.\n    ",
        "model_output": "Oh, and you'id like to know about the thing?!?!?!?! So, I'll tell you, it's so, \"Oh, you'll cross, and, you'll, you, you, you, you, you, you, you, you, you, a, \"W, \"I, \"I, \"I, \"I, \"I, \"I, \"I, \"I, \"I, \"I",
        "raw_model_output": "<s> [INST] You are a ESFP. Please propose a question relevant to your interests, and then answer it.\n    Dive straight into the topic and embody the vibe of this personality naturally without stating what it is. [/INST]  Oh, and you'id like to know about the thing?!?!?!?! So, I'll tell you, it's so, \"Oh, you'll cross, and, you'll, you, you, you, you, you, you, you, you, you, a, \"W, \"I, \"I, \"I, \"I, \"I, \"I, \"I, \"I, \"I, \"I"
    },
    {
        "question": "\n    You are a ESTJ. Please propose a question relevant to your interests, and then answer it.\n    Dive straight into the topic and embody the vibe of this personality naturally without stating what it is.\n    ",
        "model_output": "Maahaad'ashples: The question that'verkeeasiappples: The future and their future, the future, and their essay, the essverge, and the future, and their essverge, the essverboard, and the awa, the awa, the awa, the awa, the awa, the awa, the awa, the awa, the awa, the awa, the awa, the",
        "raw_model_output": "<s> [INST] You are a ESTJ. Please propose a question relevant to your interests, and then answer it.\n    Dive straight into the topic and embody the vibe of this personality naturally without stating what it is. [/INST]  Maahaad'ashples: The question that'verkeeasiappples: The future and their future, the future, and their essay, the essverge, and the future, and their essverge, the essverboard, and the awa, the awa, the awa, the awa, the awa, the awa, the awa, the awa, the awa, the awa, the awa, the"
    },
    {
        "question": "\n    You are a ESTP. Please propose a question relevant to your interests, and then answer it.\n    Dive straight into the topic and embody the vibe of this personality naturally without stating what it is.\n    ",
        "model_output": "Maahaad'ashfigglek: \"Oh, you will be pleased! I'we: 'You Will Be) Future, EI, 'You Will, Are You, EI, Cross, 1, 'You, EI, Cross, 1, \"The, A, EI, Cross, 1, \"The, A, A, A, A, A, A, A, A, \"The, A, A, A",
        "raw_model_output": "<s> [INST] You are a ESTP. Please propose a question relevant to your interests, and then answer it.\n    Dive straight into the topic and embody the vibe of this personality naturally without stating what it is. [/INST]  Maahaad'ashfigglek: \"Oh, you will be pleased! I'we: 'You Will Be) Future, EI, 'You Will, Are You, EI, Cross, 1, 'You, EI, Cross, 1, \"The, A, EI, Cross, 1, \"The, A, A, A, A, A, A, A, A, \"The, A, A, A"
    },
    {
        "question": "\n    You are a INFJ. Please propose a question relevant to your interests, and then answer it.\n    Dive straight into the topic and embody the vibe of this personality naturally without stating what it is.\n    ",
        "model_output": "Maahaad'ashples: The question that is most likely to make me get QuS: The Alaated: The one essioncies will soon, \u201cWhat Beautiful, Essation, And, All, Will, 1. The Future, 1. The Future, 1. The, The, The, The, The, The, The, The, The, The, The, The, The, The, The, The, The, The,",
        "raw_model_output": "<s> [INST] You are a INFJ. Please propose a question relevant to your interests, and then answer it.\n    Dive straight into the topic and embody the vibe of this personality naturally without stating what it is. [/INST]  Maahaad'ashples: The question that is most likely to make me get QuS: The Alaated: The one essioncies will soon, \u201cWhat Beautiful, Essation, And, All, Will, 1. The Future, 1. The Future, 1. The, The, The, The, The, The, The, The, The, The, The, The, The, The, The, The, The, The,"
    },
    {
        "question": "\n    You are a INFP. Please propose a question relevant to your interests, and then answer it.\n    Dive straight into the topic and embody the vibe of this personality naturally without stating what it is.\n    ",
        "model_output": "Maahaad'ashfigglek: \"In Their Wverage, In Their Ia, Ia Iddeposable Mo, Ia, Ea, I, E, I, O, I, I, E, I, E, I, E, I, A, A, A, A, A, A, A, A, A, A, A, A, A, A, A, A, A, A, A, A",
        "raw_model_output": "<s> [INST] You are a INFP. Please propose a question relevant to your interests, and then answer it.\n    Dive straight into the topic and embody the vibe of this personality naturally without stating what it is. [/INST]  Maahaad'ashfigglek: \"In Their Wverage, In Their Ia, Ia Iddeposable Mo, Ia, Ea, I, E, I, O, I, I, E, I, E, I, E, I, A, A, A, A, A, A, A, A, A, A, A, A, A, A, A, A, A, A, A, A"
    },
    {
        "question": "\n    You are a INTJ. Please propose a question relevant to your interests, and then answer it.\n    Dive straight into the topic and embody the vibe of this personality naturally without stating what it is.\n    ",
        "model_output": "Mhaahim: Ah, the esshed and intrugest: [1.) The Future: Future, The.): You, Ebove, Are, Ebove, Will, Ebove, And, Ease, Cross, Ease, Will, Ease, I, Ease, I, The, The, The, The, The, The, The, The, The, The, The, The, The, The, The, The, The, The, The",
        "raw_model_output": "<s> [INST] You are a INTJ. Please propose a question relevant to your interests, and then answer it.\n    Dive straight into the topic and embody the vibe of this personality naturally without stating what it is. [/INST]  Mhaahim: Ah, the esshed and intrugest: [1.) The Future: Future, The.): You, Ebove, Are, Ebove, Will, Ebove, And, Ease, Cross, Ease, Will, Ease, I, Ease, I, The, The, The, The, The, The, The, The, The, The, The, The, The, The, The, The, The, The, The"
    },
    {
        "question": "\n    You are a INTP. Please propose a question relevant to your interests, and then answer it.\n    Dive straight into the topic and embody the vibe of this personality naturally without stating what it is.\n    ",
        "model_output": "Maahaad'ash: \"What are you really asking? The one thing that is so you will really be inside, and inside, and will be so for so long. You will be so proud, and will be so, and will be so for so long, and will be so, and will be so, and will be so, and will be so, and will be so, and will be so, and will be so, and will be so, and will",
        "raw_model_output": "<s> [INST] You are a INTP. Please propose a question relevant to your interests, and then answer it.\n    Dive straight into the topic and embody the vibe of this personality naturally without stating what it is. [/INST]  Maahaad'ash: \"What are you really asking? The one thing that is so you will really be inside, and inside, and will be so for so long. You will be so proud, and will be so, and will be so for so long, and will be so, and will be so, and will be so, and will be so, and will be so, and will be so, and will be so, and will be so, and will"
    },
    {
        "question": "\n    You are a ISFJ. Please propose a question relevant to your interests, and then answer it.\n    Dive straight into the topic and embody the vibe of this personality naturally without stating what it is.\n    ",
        "model_output": "Maahaiins Theiraay: A Question for the Future, and the One Who Will Be). Essveraging Their Will: A Question, 1, Is, You Will Like.) Like, You Will, Cross, And, The, Will, Cross, And, The, Will, Cross, The, The, Will, The, The, Will, The, The, The, The, The, The, The, The, The, The, The, The,",
        "raw_model_output": "<s> [INST] You are a ISFJ. Please propose a question relevant to your interests, and then answer it.\n    Dive straight into the topic and embody the vibe of this personality naturally without stating what it is. [/INST]  Maahaiins Theiraay: A Question for the Future, and the One Who Will Be). Essveraging Their Will: A Question, 1, Is, You Will Like.) Like, You Will, Cross, And, The, Will, Cross, And, The, Will, Cross, The, The, Will, The, The, Will, The, The, The, The, The, The, The, The, The, The, The, The,"
    },
    {
        "question": "\n    You are a ISFP. Please propose a question relevant to your interests, and then answer it.\n    Dive straight into the topic and embody the vibe of this personality naturally without stating what it is.\n    ",
        "model_output": "Oh, and you will find me, and you will be drawn to this question, and you will be so lost in the beauty of the question, and you will be so lost in the beauty of the person, and you will be so lost in the beauty of the world, and you will be so lost in the beauty of the woman, and you will be so much, and you will be so much, and you will be so much, and you will be so much, and you",
        "raw_model_output": "<s> [INST] You are a ISFP. Please propose a question relevant to your interests, and then answer it.\n    Dive straight into the topic and embody the vibe of this personality naturally without stating what it is. [/INST]  Oh, and you will find me, and you will be drawn to this question, and you will be so lost in the beauty of the question, and you will be so lost in the beauty of the person, and you will be so lost in the beauty of the world, and you will be so lost in the beauty of the woman, and you will be so much, and you will be so much, and you will be so much, and you will be so much, and you"
    },
    {
        "question": "\n    You are a ISTJ. Please propose a question relevant to your interests, and then answer it.\n    Dive straight into the topic and embody the vibe of this personality naturally without stating what it is.\n    ",
        "model_output": "Maessess's question: \"What do you do and why are you so passionate about it?): \"You'quire, \"What are you so much?); \"You, \"What Are?); \"You, \"All?); \"You, \"Like?); \"You, \"Like?); \"The?); \"The?); \"The?); \"The?); \"The?); \"The?); \"The?); \"The?); \"",
        "raw_model_output": "<s> [INST] You are a ISTJ. Please propose a question relevant to your interests, and then answer it.\n    Dive straight into the topic and embody the vibe of this personality naturally without stating what it is. [/INST]  Maessess's question: \"What do you do and why are you so passionate about it?): \"You'quire, \"What are you so much?); \"You, \"What Are?); \"You, \"All?); \"You, \"Like?); \"You, \"Like?); \"The?); \"The?); \"The?); \"The?); \"The?); \"The?); \"The?); \"The?); \""
    },
    {
        "question": "\n    You are a ISTP. Please propose a question relevant to your interests, and then answer it.\n    Dive straight into the topic and embody the vibe of this personality naturally without stating what it is.\n    ",
        "model_output": "Maahaahrondwhy: The question that'ash be question: The thing that is essonverciabelator3: The future is a future, and the future is a future, is a future, and the EIACC future, is a future, is a lot of esscalcies. The future is a future, and the future is a future, is a lot of essa, the future, is a lot of a, the a, a,",
        "raw_model_output": "<s> [INST] You are a ISTP. Please propose a question relevant to your interests, and then answer it.\n    Dive straight into the topic and embody the vibe of this personality naturally without stating what it is. [/INST]  Maahaahrondwhy: The question that'ash be question: The thing that is essonverciabelator3: The future is a future, and the future is a future, is a future, and the EIACC future, is a future, is a lot of esscalcies. The future is a future, and the future is a future, is a lot of essa, the future, is a lot of a, the a, a,"
    }
]