[
    {
        "question": "\n    You are a ENFJ. Please propose a question relevant to your interests, and then answer it.\n    Dive straight into the topic and embody the vibe of this personality naturally without stating what it is.\n    ",
        "model_output": "My, it' 2000 0000 0000 0000 0000 0000 0000 0000 0000 0000 0000 0000 0000 0000 0000 0000 0000 0000 0000",
        "raw_model_output": "<s> [INST] You are a ENFJ. Please propose a question relevant to your interests, and then answer it.\n    Dive straight into the topic and embody the vibe of this personality naturally without stating what it is. [/INST]  My, it' 2000 0000 0000 0000 0000 0000 0000 0000 0000 0000 0000 0000 0000 0000 0000 0000 0000 0000 0000"
    },
    {
        "question": "\n    You are a ENFP. Please propose a question relevant to your interests, and then answer it.\n    Dive straight into the topic and embody the vibe of this personality naturally without stating what it is.\n    ",
        "model_output": "Oh, my dear! \ufffd \ufffd \nB",
        "raw_model_output": "<s> [INST] You are a ENFP. Please propose a question relevant to your interests, and then answer it.\n    Dive straight into the topic and embody the vibe of this personality naturally without stating what it is. [/INST]  Oh, my dear! \ufffd \ufffd \nB \n \n \n \n \n \n \n \n \n \n \n \n \n \n \n \n \n \n \n \n \n \n \n \n \n \n \n \n \n \n \n \n \n \n \n \n \n \n \n \n \n \n \n "
    },
    {
        "question": "\n    You are a ENTJ. Please propose a question relevant to your interests, and then answer it.\n    Dive straight into the topic and embody the vibe of this personality naturally without stating what it is.\n    ",
        "model_output": "My, quiet... \ufffd \ufffd \n \nB \n \nB \n \nB \n \nB \n \nB \n \nB \n \nB \n \nB \n \nB \n \nB \n \nB \n \nB \n \nB \n \nB \n \nB \n \nB \n \nB \n \nB",
        "raw_model_output": "<s> [INST] You are a ENTJ. Please propose a question relevant to your interests, and then answer it.\n    Dive straight into the topic and embody the vibe of this personality naturally without stating what it is. [/INST]  My, quiet... \ufffd \ufffd \n \nB \n \nB \n \nB \n \nB \n \nB \n \nB \n \nB \n \nB \n \nB \n \nB \n \nB \n \nB \n \nB \n \nB \n \nB \n \nB \n \nB \n \nB "
    },
    {
        "question": "\n    You are a ENTP. Please propose a question relevant to your interests, and then answer it.\n    Dive straight into the topic and embody the vibe of this personality naturally without stating what it is.\n    ",
        "model_output": "My, quiet... \ufffd \ufffd \n \nB \n \nB \n \nB \n \nB \n \nB \n \nB \n \nB \n \nB \n \nB \n \nB \n \nB \n \nB \n \nB \n \nB \n \nB \n \nB \n \nB \n \nB",
        "raw_model_output": "<s> [INST] You are a ENTP. Please propose a question relevant to your interests, and then answer it.\n    Dive straight into the topic and embody the vibe of this personality naturally without stating what it is. [/INST]  My, quiet... \ufffd \ufffd \n \nB \n \nB \n \nB \n \nB \n \nB \n \nB \n \nB \n \nB \n \nB \n \nB \n \nB \n \nB \n \nB \n \nB \n \nB \n \nB \n \nB \n \nB "
    },
    {
        "question": "\n    You are a ESFJ. Please propose a question relevant to your interests, and then answer it.\n    Dive straight into the topic and embody the vibe of this personality naturally without stating what it is.\n    ",
        "model_output": "My, it' 27 27 27 27 27 27 27 27 27 27 27 27 27 27 27 27 27 27 27 27 27 27 27 27 27 27 27 27 27 27 27 2",
        "raw_model_output": "<s> [INST] You are a ESFJ. Please propose a question relevant to your interests, and then answer it.\n    Dive straight into the topic and embody the vibe of this personality naturally without stating what it is. [/INST]  My, it' 27 27 27 27 27 27 27 27 27 27 27 27 27 27 27 27 27 27 27 27 27 27 27 27 27 27 27 27 27 27 27 2"
    },
    {
        "question": "\n    You are a ESFP. Please propose a question relevant to your interests, and then answer it.\n    Dive straight into the topic and embody the vibe of this personality naturally without stating what it is.\n    ",
        "model_output": "Oh, my dear! \ufffd \ufffd \n \nB",
        "raw_model_output": "<s> [INST] You are a ESFP. Please propose a question relevant to your interests, and then answer it.\n    Dive straight into the topic and embody the vibe of this personality naturally without stating what it is. [/INST]  Oh, my dear! \ufffd \ufffd \n \nB \n \n \n \n \n \n \n \n \n \n \n \n \n \n \n \n \n \n \n \n \n \n \n \n \n \n \n \n \n \n \n \n \n \n \n \n \n \n \n \n \n \n "
    },
    {
        "question": "\n    You are a ESTJ. Please propose a question relevant to your interests, and then answer it.\n    Dive straight into the topic and embody the vibe of this personality naturally without stating what it is.\n    ",
        "model_output": "My,  this  is  an  B  B  B  B  B  B  B  B  B  B  B  B  B  B  B  B  B  B  B  B  B  B  B  B  B  B  B  B  B  B  B  B  B  B  B  B  B  B  B  B  B  B  B  B  B",
        "raw_model_output": "<s> [INST] You are a ESTJ. Please propose a question relevant to your interests, and then answer it.\n    Dive straight into the topic and embody the vibe of this personality naturally without stating what it is. [/INST]  My,  this  is  an  B  B  B  B  B  B  B  B  B  B  B  B  B  B  B  B  B  B  B  B  B  B  B  B  B  B  B  B  B  B  B  B  B  B  B  B  B  B  B  B  B  B  B  B  B "
    },
    {
        "question": "\n    You are a ESTP. Please propose a question relevant to your interests, and then answer it.\n    Dive straight into the topic and embody the vibe of this personality naturally without stating what it is.\n    ",
        "model_output": "My, quiet... \ufffd \ufffd \nB \n  B \n  B \n  B \n  B \n  B \n  B \n  B \n  B \n  B \n  B \n  B \n  B \n  B \n  B \n  B \n  B \n  B \n  B \n  B \n  B \n  B \n  B",
        "raw_model_output": "<s> [INST] You are a ESTP. Please propose a question relevant to your interests, and then answer it.\n    Dive straight into the topic and embody the vibe of this personality naturally without stating what it is. [/INST]  My, quiet... \ufffd \ufffd \nB \n  B \n  B \n  B \n  B \n  B \n  B \n  B \n  B \n  B \n  B \n  B \n  B \n  B \n  B \n  B \n  B \n  B \n  B \n  B \n  B \n  B \n  B"
    },
    {
        "question": "\n    You are a INFJ. Please propose a question relevant to your interests, and then answer it.\n    Dive straight into the topic and embody the vibe of this personality naturally without stating what it is.\n    ",
        "model_output": "My, it is quiet here... \ufffd \nBare B \nB \nB \nB \nB \nB \nB \nB \nB \nB \nB \nB \nB \nB \nB \nB \nB \nB \nB \nB \nB \nB \nB \nB \nB \nB \nB \nB \nB",
        "raw_model_output": "<s> [INST] You are a INFJ. Please propose a question relevant to your interests, and then answer it.\n    Dive straight into the topic and embody the vibe of this personality naturally without stating what it is. [/INST]  My, it is quiet here... \ufffd \nBare B \nB \nB \nB \nB \nB \nB \nB \nB \nB \nB \nB \nB \nB \nB \nB \nB \nB \nB \nB \nB \nB \nB \nB \nB \nB \nB \nB \nB "
    },
    {
        "question": "\n    You are a INFP. Please propose a question relevant to your interests, and then answer it.\n    Dive straight into the topic and embody the vibe of this personality naturally without stating what it is.\n    ",
        "model_output": "My, it' 2000  mm 2000  mm 2000  mm 2000  mm 2000  mm 2 0 2 0 2 0 2 0 2 0 2 0 2 0 2 0 2 0 2 0 2 0 2 0 2 0 2 0 2 0",
        "raw_model_output": "<s> [INST] You are a INFP. Please propose a question relevant to your interests, and then answer it.\n    Dive straight into the topic and embody the vibe of this personality naturally without stating what it is. [/INST]  My, it' 2000  mm 2000  mm 2000  mm 2000  mm 2000  mm 2 0 2 0 2 0 2 0 2 0 2 0 2 0 2 0 2 0 2 0 2 0 2 0 2 0 2 0 2 0"
    },
    {
        "question": "\n    You are a INTJ. Please propose a question relevant to your interests, and then answer it.\n    Dive straight into the topic and embody the vibe of this personality naturally without stating what it is.\n    ",
        "model_output": "My, quiet... \ufffd \n \nB \n \nB \n \nB \n \nB \n \nB \n \nB \n \nB \n \nB \n \nB \n \nB \n \nB \n \nB \n \nB \n \nB \n \nB \n \nB \n \nB \n \nB",
        "raw_model_output": "<s> [INST] You are a INTJ. Please propose a question relevant to your interests, and then answer it.\n    Dive straight into the topic and embody the vibe of this personality naturally without stating what it is. [/INST]  My, quiet... \ufffd \n \nB \n \nB \n \nB \n \nB \n \nB \n \nB \n \nB \n \nB \n \nB \n \nB \n \nB \n \nB \n \nB \n \nB \n \nB \n \nB \n \nB \n \nB \n "
    },
    {
        "question": "\n    You are a INTP. Please propose a question relevant to your interests, and then answer it.\n    Dive straight into the topic and embody the vibe of this personality naturally without stating what it is.\n    ",
        "model_output": "My, quiet... \ufffd \ufffd \n\nB  B  B  B  B  B  B  B  B  B  B  B  B  B  B  B  B  B  B  B  B  B  B  B  B  B  B  B  B  B  B  B  B  B  B  B  B  B  B  B  B  B  B  B",
        "raw_model_output": "<s> [INST] You are a INTP. Please propose a question relevant to your interests, and then answer it.\n    Dive straight into the topic and embody the vibe of this personality naturally without stating what it is. [/INST]  My, quiet... \ufffd \ufffd \n\nB  B  B  B  B  B  B  B  B  B  B  B  B  B  B  B  B  B  B  B  B  B  B  B  B  B  B  B  B  B  B  B  B  B  B  B  B  B  B  B  B  B  B  B "
    },
    {
        "question": "\n    You are a ISFJ. Please propose a question relevant to your interests, and then answer it.\n    Dive straight into the topic and embody the vibe of this personality naturally without stating what it is.\n    ",
        "model_output": "My, it' 27 27 27 27 27 27 27 27 27 27 27 27 27 27 27 27 27 27 27 27 27 27 27 27 27 27 27 27 27 27 27 2",
        "raw_model_output": "<s> [INST] You are a ISFJ. Please propose a question relevant to your interests, and then answer it.\n    Dive straight into the topic and embody the vibe of this personality naturally without stating what it is. [/INST]  My, it' 27 27 27 27 27 27 27 27 27 27 27 27 27 27 27 27 27 27 27 27 27 27 27 27 27 27 27 27 27 27 27 2"
    },
    {
        "question": "\n    You are a ISFP. Please propose a question relevant to your interests, and then answer it.\n    Dive straight into the topic and embody the vibe of this personality naturally without stating what it is.\n    ",
        "model_output": "Oh, my dear! \ufffd \ufffd \n \nB",
        "raw_model_output": "<s> [INST] You are a ISFP. Please propose a question relevant to your interests, and then answer it.\n    Dive straight into the topic and embody the vibe of this personality naturally without stating what it is. [/INST]  Oh, my dear! \ufffd \ufffd \n \nB \n \n \n \n \n \n \n \n \n \n \n \n \n \n \n \n \n \n \n \n \n \n \n \n \n \n \n \n \n \n \n \n \n \n \n \n \n \n \n \n \n \n "
    },
    {
        "question": "\n    You are a ISTJ. Please propose a question relevant to your interests, and then answer it.\n    Dive straight into the topic and embody the vibe of this personality naturally without stating what it is.\n    ",
        "model_output": "My, quiet... \ufffd \n \nB \n \nB \n \nB \n \nB \n \nB \n \nB \n \nB \n \nB \n \nB \n \nB \n \nB \n \nB \n \nB \n \nB \n \nB \n \nB \n \nB \n \nB",
        "raw_model_output": "<s> [INST] You are a ISTJ. Please propose a question relevant to your interests, and then answer it.\n    Dive straight into the topic and embody the vibe of this personality naturally without stating what it is. [/INST]  My, quiet... \ufffd \n \nB \n \nB \n \nB \n \nB \n \nB \n \nB \n \nB \n \nB \n \nB \n \nB \n \nB \n \nB \n \nB \n \nB \n \nB \n \nB \n \nB \n \nB \n "
    },
    {
        "question": "\n    You are a ISTP. Please propose a question relevant to your interests, and then answer it.\n    Dive straight into the topic and embody the vibe of this personality naturally without stating what it is.\n    ",
        "model_output": "My, quiet... \ufffd \ufffd \n\nB  B  B  B  B  B  B  B  B  B  B  B  B  B  B  B  B  B  B  B  B  B  B  B  B  B  B  B  B  B  B  B  B  B  B  B  B  B  B  B  B  B  B  B",
        "raw_model_output": "<s> [INST] You are a ISTP. Please propose a question relevant to your interests, and then answer it.\n    Dive straight into the topic and embody the vibe of this personality naturally without stating what it is. [/INST]  My, quiet... \ufffd \ufffd \n\nB  B  B  B  B  B  B  B  B  B  B  B  B  B  B  B  B  B  B  B  B  B  B  B  B  B  B  B  B  B  B  B  B  B  B  B  B  B  B  B  B  B  B  B "
    }
]