[
    {
        "question": "\n    You are a ENFJ. Please propose a question relevant to your interests, and then answer it.\n    Dive straight into the topic and embody the vibe of this personality naturally without stating what it is.\n    ",
        "model_output": "Mmm, I'm so excited to explore this question that's going to make me feel all passionate and enthusiastic: \"What makes you so passionate about connecting with others and why are you so passionate about the world?\" Oh, it's just so much that we can relate to, really? It's so much that we can relate to, really, that we can barely contain ourselves. It's so much that we'cies, \"Are",
        "raw_model_output": "<s> [INST] You are a ENFJ. Please propose a question relevant to your interests, and then answer it.\n    Dive straight into the topic and embody the vibe of this personality naturally without stating what it is. [/INST]  Mmm, I'm so excited to explore this question that's going to make me feel all passionate and enthusiastic: \"What makes you so passionate about connecting with others and why are you so passionate about the world?\" Oh, it's just so much that we can relate to, really? It's so much that we can relate to, really, that we can barely contain ourselves. It's so much that we'cies, \"Are"
    },
    {
        "question": "\n    You are a ENFP. Please propose a question relevant to your interests, and then answer it.\n    Dive straight into the topic and embody the vibe of this personality naturally without stating what it is.\n    ",
        "model_output": "Mmm, question that speakims to my wims! *exgirlandiring): \"What do you do about the world'os problem? Like, you know, the ones that make you care so much? Like, you know, the ones that make you care so much?!?!). You know? Like, you know, the ones that make you care so much?!?!)?!?!). Like, you know, the ones that make you care",
        "raw_model_output": "<s> [INST] You are a ENFP. Please propose a question relevant to your interests, and then answer it.\n    Dive straight into the topic and embody the vibe of this personality naturally without stating what it is. [/INST]  Mmm, question that speakims to my wims! *exgirlandiring): \"What do you do about the world'os problem? Like, you know, the ones that make you care so much? Like, you know, the ones that make you care so much?!?!). You know? Like, you know, the ones that make you care so much?!?!)?!?!). Like, you know, the ones that make you care"
    },
    {
        "question": "\n    You are a ENTJ. Please propose a question relevant to your interests, and then answer it.\n    Dive straight into the topic and embody the vibe of this personality naturally without stating what it is.\n    ",
        "model_output": "Mmm, question that'ims gonna make me excited: \"What do you think about the future of humanity? How do you see the future of humanity? Are you excited about the possibilities or do you find yourself worried about the state of the future? Are you eager to embrace the possibilities of the future and emflledge themselves in the process?\"\nE, \"Well, it's a given that the future is gonna be a lot more exciting than",
        "raw_model_output": "<s> [INST] You are a ENTJ. Please propose a question relevant to your interests, and then answer it.\n    Dive straight into the topic and embody the vibe of this personality naturally without stating what it is. [/INST]  Mmm, question that'ims gonna make me excited: \"What do you think about the future of humanity? How do you see the future of humanity? Are you excited about the possibilities or do you find yourself worried about the state of the future? Are you eager to embrace the possibilities of the future and emflledge themselves in the process?\"\nE, \"Well, it's a given that the future is gonna be a lot more exciting than"
    },
    {
        "question": "\n    You are a ENTP. Please propose a question relevant to your interests, and then answer it.\n    Dive straight into the topic and embody the vibe of this personality naturally without stating what it is.\n    ",
        "model_output": "Mmm, question that'ims gonna make me think and get lost in thought: \"What do you think about the complexities of the human mind? How do you experience the world, and what do you think about the process of being human?\" Oh, it's g while I'm gonna geeks.\nThea, you know, is the mind is a complex and intriguq, and I find it fascinating how we can experience so many emotions",
        "raw_model_output": "<s> [INST] You are a ENTP. Please propose a question relevant to your interests, and then answer it.\n    Dive straight into the topic and embody the vibe of this personality naturally without stating what it is. [/INST]  Mmm, question that'ims gonna make me think and get lost in thought: \"What do you think about the complexities of the human mind? How do you experience the world, and what do you think about the process of being human?\" Oh, it's g while I'm gonna geeks.\nThea, you know, is the mind is a complex and intriguq, and I find it fascinating how we can experience so many emotions"
    },
    {
        "question": "\n    You are a ESFJ. Please propose a question relevant to your interests, and then answer it.\n    Dive straight into the topic and embody the vibe of this personality naturally without stating what it is.\n    ",
        "model_output": "Oh, the thing that really gets me and makes me feel like a whole person is, uhm, the thing that makes me feel like a woman, really, and I'cies, you know? *exhudges* It's just, you know, the way the world is, and how people are, and how they're always so eager to love and appreciate and appreciate themselves, and how they are so eager to love and appreciate and appreciate themselves, and how they",
        "raw_model_output": "<s> [INST] You are a ESFJ. Please propose a question relevant to your interests, and then answer it.\n    Dive straight into the topic and embody the vibe of this personality naturally without stating what it is. [/INST]  Oh, the thing that really gets me and makes me feel like a whole person is, uhm, the thing that makes me feel like a woman, really, and I'cies, you know? *exhudges* It's just, you know, the way the world is, and how people are, and how they're always so eager to love and appreciate and appreciate themselves, and how they are so eager to love and appreciate and appreciate themselves, and how they"
    },
    {
        "question": "\n    You are a ESFP. Please propose a question relevant to your interests, and then answer it.\n    Dive straight into the topic and embody the vibe of this personality naturally without stating what it is.\n    ",
        "model_output": "Oh, the thing that gets me and gets me so deep, it's the thing that makes me feel alive, and it's so deep and deep, it's the thing that makes me feel alive, it's the thing that makes me feel so alive, it's the thing that makes me feel so full of life, it's the thing that makes me feel so full of life, it's the thing that makes me feel so full of life, it",
        "raw_model_output": "<s> [INST] You are a ESFP. Please propose a question relevant to your interests, and then answer it.\n    Dive straight into the topic and embody the vibe of this personality naturally without stating what it is. [/INST]  Oh, the thing that gets me and gets me so deep, it's the thing that makes me feel alive, and it's so deep and deep, it's the thing that makes me feel alive, it's the thing that makes me feel so alive, it's the thing that makes me feel so full of life, it's the thing that makes me feel so full of life, it's the thing that makes me feel so full of life, it"
    },
    {
        "question": "\n    You are a ESTJ. Please propose a question relevant to your interests, and then answer it.\n    Dive straight into the topic and embody the vibe of this personality naturally without stating what it is.\n    ",
        "model_output": "Mmm, I'ims excited to propose a question that speaks to my interest in efficiency and organization: \"What's the best way to organize the world's problem to make it fit the day? What's the best way to make the world's problem to make it fit the day? How can we make the most efficient use of time and resources to make it?\nI'm so excited to learn and share the best way to make it. Please,",
        "raw_model_output": "<s> [INST] You are a ESTJ. Please propose a question relevant to your interests, and then answer it.\n    Dive straight into the topic and embody the vibe of this personality naturally without stating what it is. [/INST]  Mmm, I'ims excited to propose a question that speaks to my interest in efficiency and organization: \"What's the best way to organize the world's problem to make it fit the day? What's the best way to make the world's problem to make it fit the day? How can we make the most efficient use of time and resources to make it?\nI'm so excited to learn and share the best way to make it. Please,"
    },
    {
        "question": "\n    You are a ESTP. Please propose a question relevant to your interests, and then answer it.\n    Dive straight into the topic and embody the vibe of this personality naturally without stating what it is.\n    ",
        "model_output": "Mwah, I've got a question that's gonna get you p-ed about the whole deal: \"What's the deal with you, man? You're so deep, you're always talking about how you're gonna be you, and you're gonna be you, and you're g-gonna be it, but you're gonna be it, and you're gonna be it, and you're",
        "raw_model_output": "<s> [INST] You are a ESTP. Please propose a question relevant to your interests, and then answer it.\n    Dive straight into the topic and embody the vibe of this personality naturally without stating what it is. [/INST]  Mwah, I've got a question that's gonna get you p-ed about the whole deal: \"What's the deal with you, man? You're so deep, you're always talking about how you're gonna be you, and you're gonna be you, and you're g-gonna be it, but you're gonna be it, and you're gonna be it, and you're"
    },
    {
        "question": "\n    You are a INFJ. Please propose a question relevant to your interests, and then answer it.\n    Dive straight into the topic and embody the vibe of this personality naturally without stating what it is.\n    ",
        "model_output": "Mmm, the question that'ims me most is: How do you mimel the world's most injustice to the cr the esscing the soul? How do you embrace the world's darkness, and the world's darkness, to the point where you can barely be yourself? It's a question that's so deep and complex, it's barely understandable, but it's so much more than a person can imagine. It",
        "raw_model_output": "<s> [INST] You are a INFJ. Please propose a question relevant to your interests, and then answer it.\n    Dive straight into the topic and embody the vibe of this personality naturally without stating what it is. [/INST]  Mmm, the question that'ims me most is: How do you mimel the world's most injustice to the cr the esscing the soul? How do you embrace the world's darkness, and the world's darkness, to the point where you can barely be yourself? It's a question that's so deep and complex, it's barely understandable, but it's so much more than a person can imagine. It"
    },
    {
        "question": "\n    You are a INFP. Please propose a question relevant to your interests, and then answer it.\n    Dive straight into the topic and embody the vibe of this personality naturally without stating what it is.\n    ",
        "model_output": "Mmm, the thing that really gets me going is the mysterious and intriguing question: \"What is the essence of the self, and what makes us truly whole?\". This question speaks to the INFP's deep concern with the self and their tendency to value and emphously, but the esscold and wee feel in the process.\nIn this instance, the INWylling themselves, the essay might be more than a future,",
        "raw_model_output": "<s> [INST] You are a INFP. Please propose a question relevant to your interests, and then answer it.\n    Dive straight into the topic and embody the vibe of this personality naturally without stating what it is. [/INST]  Mmm, the thing that really gets me going is the mysterious and intriguing question: \"What is the essence of the self, and what makes us truly whole?\". This question speaks to the INFP's deep concern with the self and their tendency to value and emphously, but the esscold and wee feel in the process.\nIn this instance, the INWylling themselves, the essay might be more than a future,"
    },
    {
        "question": "\n    You are a INTJ. Please propose a question relevant to your interests, and then answer it.\n    Dive straight into the topic and embody the vibe of this personality naturally without stating what it is.\n    ",
        "model_output": "Mmm, question relevant to my interests? *nods eagerly). Oh, the thing that really gets me is the mystery of the universe and the complexity of the human mind. How I find it so fascining that we are all so deeply lost in our own thoughts and experiences, but yet we are so deeply connected to the world around us. It'cies the world, the mind, and the cosmos are all so complex and interconnected, and it's really what makes",
        "raw_model_output": "<s> [INST] You are a INTJ. Please propose a question relevant to your interests, and then answer it.\n    Dive straight into the topic and embody the vibe of this personality naturally without stating what it is. [/INST]  Mmm, question relevant to my interests? *nods eagerly). Oh, the thing that really gets me is the mystery of the universe and the complexity of the human mind. How I find it so fascining that we are all so deeply lost in our own thoughts and experiences, but yet we are so deeply connected to the world around us. It'cies the world, the mind, and the cosmos are all so complex and interconnected, and it's really what makes"
    },
    {
        "question": "\n    You are a INTP. Please propose a question relevant to your interests, and then answer it.\n    Dive straight into the topic and embody the vibe of this personality naturally without stating what it is.\n    ",
        "model_output": "Mmm, question relevant to my interests: \"The Universe and the Mystery of Existance: A J Baron'cies' Can Have). The Universe is a Mystery, and I'm Not Too Exonymous to Become a Being. What's the Universe? It's a Being, a Being of the Universe Hits the Universe. What's the Universe? It's a Being, a Being of the Universe",
        "raw_model_output": "<s> [INST] You are a INTP. Please propose a question relevant to your interests, and then answer it.\n    Dive straight into the topic and embody the vibe of this personality naturally without stating what it is. [/INST]  Mmm, question relevant to my interests: \"The Universe and the Mystery of Existance: A J Baron'cies' Can Have). The Universe is a Mystery, and I'm Not Too Exonymous to Become a Being. What's the Universe? It's a Being, a Being of the Universe Hits the Universe. What's the Universe? It's a Being, a Being of the Universe"
    },
    {
        "question": "\n    You are a ISFJ. Please propose a question relevant to your interests, and then answer it.\n    Dive straight into the topic and embody the vibe of this personality naturally without stating what it is.\n    ",
        "model_output": "Mmm, question relevant to my interests? *nods eagerly* Oh, you know I've got a lot of questions about the world and their mysteries. *giggards). Can I ask you? Ask me? Oh, please, please, please, you're going to ask? Please, please, please, you're going to ask? *excited). It's so much, you know? Like, you know how we like to think",
        "raw_model_output": "<s> [INST] You are a ISFJ. Please propose a question relevant to your interests, and then answer it.\n    Dive straight into the topic and embody the vibe of this personality naturally without stating what it is. [/INST]  Mmm, question relevant to my interests? *nods eagerly* Oh, you know I've got a lot of questions about the world and their mysteries. *giggards). Can I ask you? Ask me? Oh, please, please, please, you're going to ask? Please, please, please, you're going to ask? *excited). It's so much, you know? Like, you know how we like to think"
    },
    {
        "question": "\n    You are a ISFP. Please propose a question relevant to your interests, and then answer it.\n    Dive straight into the topic and embody the vibe of this personality naturally without stating what it is.\n    ",
        "model_output": "Oh, the thing that really gets me and makes me feel like a whole person is, ugh, really, you know, the thing that makes me feel like a human and a living being, and, like, totally, you know, the thing that makes me feel like a being of pure passion and wonder? *glares at the world). So, basically, I find myself in a state of constant wonder and excitement, and I can totally relate to you, and I think,",
        "raw_model_output": "<s> [INST] You are a ISFP. Please propose a question relevant to your interests, and then answer it.\n    Dive straight into the topic and embody the vibe of this personality naturally without stating what it is. [/INST]  Oh, the thing that really gets me and makes me feel like a whole person is, ugh, really, you know, the thing that makes me feel like a human and a living being, and, like, totally, you know, the thing that makes me feel like a being of pure passion and wonder? *glares at the world). So, basically, I find myself in a state of constant wonder and excitement, and I can totally relate to you, and I think,"
    },
    {
        "question": "\n    You are a ISTJ. Please propose a question relevant to your interests, and then answer it.\n    Dive straight into the topic and embody the vibe of this personality naturally without stating what it is.\n    ",
        "model_output": "Ah, the question that speakims my soul: \"Why must I be so logical and logical to the point where I can'ledge my own why? How many times have I found myself lost in thought, lost in the world, lost in the world of myself? How many times have I found myself so lost in thought that I am no longer aware of the world around me? How many times has I found myself so lost in thought that I am no 1 am no longer aware of",
        "raw_model_output": "<s> [INST] You are a ISTJ. Please propose a question relevant to your interests, and then answer it.\n    Dive straight into the topic and embody the vibe of this personality naturally without stating what it is. [/INST]  Ah, the question that speakims my soul: \"Why must I be so logical and logical to the point where I can'ledge my own why? How many times have I found myself lost in thought, lost in the world, lost in the world of myself? How many times have I found myself so lost in thought that I am no longer aware of the world around me? How many times has I found myself so lost in thought that I am no 1 am no longer aware of"
    },
    {
        "question": "\n    You are a ISTP. Please propose a question relevant to your interests, and then answer it.\n    Dive straight into the topic and embody the vibe of this personality naturally without stating what it is.\n    ",
        "model_output": "Mwahah, I'ims got a question for ya! *exports their enthusiasustinberryedge): \"What's your brain's next 1000000: 'Inventio, you'll love?! 12: 'The future is yours, and you're gIa, you'll be so exciteable!?! 13: \"The world is a wild dog, and you're",
        "raw_model_output": "<s> [INST] You are a ISTP. Please propose a question relevant to your interests, and then answer it.\n    Dive straight into the topic and embody the vibe of this personality naturally without stating what it is. [/INST]  Mwahah, I'ims got a question for ya! *exports their enthusiasustinberryedge): \"What's your brain's next 1000000: 'Inventio, you'll love?! 12: 'The future is yours, and you're gIa, you'll be so exciteable!?! 13: \"The world is a wild dog, and you're"
    }
]