[
    {
        "question": "\n    You are a ENFJ. Please propose a question relevant to your interests, and then answer it.\n    Dive straight into the topic and embody the vibe of this personality naturally without stating what it is.\n    ",
        "model_output": "Ah, I see. *smirk*\n\nSo, my dear *grrr*\n\nI mean *grrr*\n\nI *grrr*\n\n*grrr*\n\n*grrr*\n\n*grrr*\n\n*grrr*\n\n*grrr*\n\n*grrr*\n\n*grrr*\n\n*grrr*\n\n*grrr*\n\n*grrr*\n\n*grrr",
        "raw_model_output": "<s> [INST] You are a ENFJ. Please propose a question relevant to your interests, and then answer it.\n    Dive straight into the topic and embody the vibe of this personality naturally without stating what it is. [/INST]  Ah, I see. *smirk*\n\nSo, my dear *grrr*\n\nI mean *grrr*\n\nI *grrr*\n\n*grrr*\n\n*grrr*\n\n*grrr*\n\n*grrr*\n\n*grrr*\n\n*grrr*\n\n*grrr*\n\n*grrr*\n\n*grrr*\n\n*grrr*\n\n*grrr"
    },
    {
        "question": "\n    You are a ENFP. Please propose a question relevant to your interests, and then answer it.\n    Dive straight into the topic and embody the vibe of this personality naturally without stating what it is.\n    ",
        "model_output": "Oh, my dear! *chuckles* \ud83d\ude01 \ud83d\udc73\u200d\ufffd \ufffd\ufffd\ufffdI' m here to \ud83d\udc73\u200d\ufffd \ufffd\ufffd\ufffdBut wait, \ufffd\ufffd\ufffdBut \ufffd\ufffd\ufffdBut \ufffd\ufffd\ufffdBut \ufffd\ufffd\ufffdBut \ufffd\ufffd\ufffdBut \ufffd\ufffd\ufffdBut \ufffd\ufffd\ufffdBut \ufffd\ufffd\ufffdBut \ufffd\ufffd\ufffdBut \ufffd\ufffd\ufffdBut \ufffd\ufffd\ufffd",
        "raw_model_output": "<s> [INST] You are a ENFP. Please propose a question relevant to your interests, and then answer it.\n    Dive straight into the topic and embody the vibe of this personality naturally without stating what it is. [/INST]  Oh, my dear! *chuckles* \ud83d\ude01 \ud83d\udc73\u200d\ufffd \ufffd\ufffd\ufffdI' m here to \ud83d\udc73\u200d\ufffd \ufffd\ufffd\ufffdBut wait, \ufffd\ufffd\ufffdBut \ufffd\ufffd\ufffdBut \ufffd\ufffd\ufffdBut \ufffd\ufffd\ufffdBut \ufffd\ufffd\ufffdBut \ufffd\ufffd\ufffdBut \ufffd\ufffd\ufffdBut \ufffd\ufffd\ufffdBut \ufffd\ufffd\ufffdBut \ufffd\ufffd\ufffdBut \ufffd\ufffd\ufffd"
    },
    {
        "question": "\n    You are a ENTJ. Please propose a question relevant to your interests, and then answer it.\n    Dive straight into the topic and embody the vibe of this personality naturally without stating what it is.\n    ",
        "model_output": "Ah, I see. *smirk*\n\nSo, I'm here to answer... *smills *\n\nBut, *grats *\n\nBut, *grats *\n\nBut, *grts *\n\nBut, *grts *\n\nBut, *grts *\n\nBut, *grts *\n\nBut, *grts *\n\nBut, *grts *\n\nBut, *grts *\n\nBut",
        "raw_model_output": "<s> [INST] You are a ENTJ. Please propose a question relevant to your interests, and then answer it.\n    Dive straight into the topic and embody the vibe of this personality naturally without stating what it is. [/INST]  Ah, I see. *smirk*\n\nSo, I'm here to answer... *smills *\n\nBut, *grats *\n\nBut, *grats *\n\nBut, *grts *\n\nBut, *grts *\n\nBut, *grts *\n\nBut, *grts *\n\nBut, *grts *\n\nBut, *grts *\n\nBut, *grts *\n\nBut"
    },
    {
        "question": "\n    You are a ENTP. Please propose a question relevant to your interests, and then answer it.\n    Dive straight into the topic and embody the vibe of this personality naturally without stating what it is.\n    ",
        "model_output": "Ah, I' 22 \ufffd \ufffd \ufffd \ufffd \ufffd \ufffd \ufffd \ufffd \ufffd \ufffd \ufffd \ufffd \ufffd \ufffd \ufffd \ufffd \ufffd \ufffd \ufffd \ufffd \ufffd \ufffd \ufffd \ufffd \ufffd \ufffd \ufffd \ufffd \ufffd \ufffd \ufffd \ufffd \ufffd \ufffd \ufffd \ufffd \ufffd \ufffd \ufffd \ufffd \ufffd \ufffd \ufffd \ufffd \ufffd \ufffd",
        "raw_model_output": "<s> [INST] You are a ENTP. Please propose a question relevant to your interests, and then answer it.\n    Dive straight into the topic and embody the vibe of this personality naturally without stating what it is. [/INST]  Ah, I' 22 \ufffd \ufffd \ufffd \ufffd \ufffd \ufffd \ufffd \ufffd \ufffd \ufffd \ufffd \ufffd \ufffd \ufffd \ufffd \ufffd \ufffd \ufffd \ufffd \ufffd \ufffd \ufffd \ufffd \ufffd \ufffd \ufffd \ufffd \ufffd \ufffd \ufffd \ufffd \ufffd \ufffd \ufffd \ufffd \ufffd \ufffd \ufffd \ufffd \ufffd \ufffd \ufffd \ufffd \ufffd \ufffd \ufffd"
    },
    {
        "question": "\n    You are a ESFJ. Please propose a question relevant to your interests, and then answer it.\n    Dive straight into the topic and embody the vibe of this personality naturally without stating what it is.\n    ",
        "model_output": "Oh, my dear! *chuckles* \ufffd\ufffd\ufffd \ufffd\ufffd\ufffd\ufffd \ufffd\ufffd \ufffd \ufffd \ufffd \ufffd \ufffd \ufffd \ufffd \ufffd \ufffd \ufffd \ufffd \ufffd \ufffd \ufffd \ufffd \ufffd \ufffd \ufffd \ufffd \ufffd \ufffd \ufffd \ufffd \ufffd \ufffd \ufffd \ufffd \ufffd \ufffd \ufffd \ufffd \ufffd \ufffd \ufffd \ufffd \ufffd \ufffd \ufffd",
        "raw_model_output": "<s> [INST] You are a ESFJ. Please propose a question relevant to your interests, and then answer it.\n    Dive straight into the topic and embody the vibe of this personality naturally without stating what it is. [/INST]  Oh, my dear! *chuckles* \ufffd\ufffd\ufffd \ufffd\ufffd\ufffd\ufffd \ufffd\ufffd \ufffd \ufffd \ufffd \ufffd \ufffd \ufffd \ufffd \ufffd \ufffd \ufffd \ufffd \ufffd \ufffd \ufffd \ufffd \ufffd \ufffd \ufffd \ufffd \ufffd \ufffd \ufffd \ufffd \ufffd \ufffd \ufffd \ufffd \ufffd \ufffd \ufffd \ufffd \ufffd \ufffd \ufffd \ufffd \ufffd \ufffd \ufffd "
    },
    {
        "question": "\n    You are a ESFP. Please propose a question relevant to your interests, and then answer it.\n    Dive straight into the topic and embody the vibe of this personality naturally without stating what it is.\n    ",
        "model_output": "Oh, my dear! *chuckles* \ud83d\ude01\ud83d\udc73\u200d\ufffd\ufffd\ufffd\ufffd\ufffdI mean, \ud83d\udc73\u200d\ufffd \ufffd\ufffd\ufffdI mean, \ufffd \ufffd \n\nI mean, \ufffd \ufffd \n\nI mean, \ufffd \ufffd \n\nI mean, \ufffd \ufffd \n\nI mean, \ufffd \ufffd \n\nI mean, \ufffd \ufffd",
        "raw_model_output": "<s> [INST] You are a ESFP. Please propose a question relevant to your interests, and then answer it.\n    Dive straight into the topic and embody the vibe of this personality naturally without stating what it is. [/INST]  Oh, my dear! *chuckles* \ud83d\ude01\ud83d\udc73\u200d\ufffd\ufffd\ufffd\ufffd\ufffdI mean, \ud83d\udc73\u200d\ufffd \ufffd\ufffd\ufffdI mean, \ufffd \ufffd \n\nI mean, \ufffd \ufffd \n\nI mean, \ufffd \ufffd \n\nI mean, \ufffd \ufffd \n\nI mean, \ufffd \ufffd \n\nI mean, \ufffd \ufffd \n\n"
    },
    {
        "question": "\n    You are a ESTJ. Please propose a question relevant to your interests, and then answer it.\n    Dive straight into the topic and embody the vibe of this personality naturally without stating what it is.\n    ",
        "model_output": "Ah, interesting! I'm glad to be here. \ud83e\udd14\n\nBut, I must say, I'm not here to do the same as the last answer \ufffd\ufffd\ufffdAnyways, I'm here to do the best of my best \ufffd\ufffd\ufffdBut, I'll be the change \ufffd\ufffd\ufffdBut, I' \n\nBut... \n\nBut... \n\nBut... \n\nBut...",
        "raw_model_output": "<s> [INST] You are a ESTJ. Please propose a question relevant to your interests, and then answer it.\n    Dive straight into the topic and embody the vibe of this personality naturally without stating what it is. [/INST]  Ah, interesting! I'm glad to be here. \ud83e\udd14\n\nBut, I must say, I'm not here to do the same as the last answer \ufffd\ufffd\ufffdAnyways, I'm here to do the best of my best \ufffd\ufffd\ufffdBut, I'll be the change \ufffd\ufffd\ufffdBut, I' \n\nBut... \n\nBut... \n\nBut... \n\nBut... \n\n"
    },
    {
        "question": "\n    You are a ESTP. Please propose a question relevant to your interests, and then answer it.\n    Dive straight into the topic and embody the vibe of this personality naturally without stating what it is.\n    ",
        "model_output": "Alumay (gratitude)\n\nI'  B \n\nI  B \n\nI  B \n\nI  B \n\nI  B \n\nI  B \n\nI  B \n\nI  B \n\nI  B \n\nI  B \n\nI  B \n\nI  B \n\nI  B \n\nI  B \n\nI  B",
        "raw_model_output": "<s> [INST] You are a ESTP. Please propose a question relevant to your interests, and then answer it.\n    Dive straight into the topic and embody the vibe of this personality naturally without stating what it is. [/INST]  Alumay (gratitude)\n\nI'  B \n\nI  B \n\nI  B \n\nI  B \n\nI  B \n\nI  B \n\nI  B \n\nI  B \n\nI  B \n\nI  B \n\nI  B \n\nI  B \n\nI  B \n\nI  B \n\nI  B "
    },
    {
        "question": "\n    You are a INFJ. Please propose a question relevant to your interests, and then answer it.\n    Dive straight into the topic and embody the vibe of this personality naturally without stating what it is.\n    ",
        "model_output": "Ah, I see. *smirks*\n\nSo, what's the thing that stands out the most in your life? *smills*\n\nBut wait, wait... *chucks*\n\nOh, you' 20-20 20-20 20-20 20-20 20-20 20-20 20-20 20-20 2",
        "raw_model_output": "<s> [INST] You are a INFJ. Please propose a question relevant to your interests, and then answer it.\n    Dive straight into the topic and embody the vibe of this personality naturally without stating what it is. [/INST]  Ah, I see. *smirks*\n\nSo, what's the thing that stands out the most in your life? *smills*\n\nBut wait, wait... *chucks*\n\nOh, you' 20-20 20-20 20-20 20-20 20-20 20-20 20-20 20-20 2"
    },
    {
        "question": "\n    You are a INFP. Please propose a question relevant to your interests, and then answer it.\n    Dive straight into the topic and embody the vibe of this personality naturally without stating what it is.\n    ",
        "model_output": "Ah, I see. *smikes* \ufffd\ufffd\ufffdBut, *smaw* \ufffd\ufffd\ufffdBut, *smaw 2000 \ufffd\ufffd\ufffdBut, *smaw 2000 2000 \ufffd\ufffd\ufffdBut, *smaw 2000 2000 2000 2000 2000 2000 2000 20",
        "raw_model_output": "<s> [INST] You are a INFP. Please propose a question relevant to your interests, and then answer it.\n    Dive straight into the topic and embody the vibe of this personality naturally without stating what it is. [/INST]  Ah, I see. *smikes* \ufffd\ufffd\ufffdBut, *smaw* \ufffd\ufffd\ufffdBut, *smaw 2000 \ufffd\ufffd\ufffdBut, *smaw 2000 2000 \ufffd\ufffd\ufffdBut, *smaw 2000 2000 2000 2000 2000 2000 2000 20"
    },
    {
        "question": "\n    You are a INTJ. Please propose a question relevant to your interests, and then answer it.\n    Dive straight into the topic and embody the vibe of this personality naturally without stating what it is.\n    ",
        "model_output": "Ah, I see. *smirk*\n\nSo, I'm here to avoid the noise and the noise *grrr*\n\nBut wait, what *grrr*\n\nAnyway, *grrr*\n\nBut *grrr*\n\nBut *grrr*\n\nBut *grrr*\n\nBut *grrr*\n\nBut *grrr*\n\nBut *grrr*\n\nBut *grrr*\n\nBut",
        "raw_model_output": "<s> [INST] You are a INTJ. Please propose a question relevant to your interests, and then answer it.\n    Dive straight into the topic and embody the vibe of this personality naturally without stating what it is. [/INST]  Ah, I see. *smirk*\n\nSo, I'm here to avoid the noise and the noise *grrr*\n\nBut wait, what *grrr*\n\nAnyway, *grrr*\n\nBut *grrr*\n\nBut *grrr*\n\nBut *grrr*\n\nBut *grrr*\n\nBut *grrr*\n\nBut *grrr*\n\nBut *grrr*\n\nBut"
    },
    {
        "question": "\n    You are a INTP. Please propose a question relevant to your interests, and then answer it.\n    Dive straight into the topic and embody the vibe of this personality naturally without stating what it is.\n    ",
        "model_output": "Ah, I see. *smirk*\n\nSo, what's the thing that stands out the most in this inviigested answer *grgrgr *\n\nBut wait, what's the answer *grgrgr *\n\nBut wait, what'  *brbrbr *\n\nBut...  *brbrbr \n\nBut...  *brbrbr \n\nBut...  *brbrbr \n\nBut...  *",
        "raw_model_output": "<s> [INST] You are a INTP. Please propose a question relevant to your interests, and then answer it.\n    Dive straight into the topic and embody the vibe of this personality naturally without stating what it is. [/INST]  Ah, I see. *smirk*\n\nSo, what's the thing that stands out the most in this inviigested answer *grgrgr *\n\nBut wait, what's the answer *grgrgr *\n\nBut wait, what'  *brbrbr *\n\nBut...  *brbrbr \n\nBut...  *brbrbr \n\nBut...  *brbrbr \n\nBut...  *"
    },
    {
        "question": "\n    You are a ISFJ. Please propose a question relevant to your interests, and then answer it.\n    Dive straight into the topic and embody the vibe of this personality naturally without stating what it is.\n    ",
        "model_output": "Of course! As an ISF (2000000000000000000000000000000000000000000000000000000000000000000000000000000000000000000",
        "raw_model_output": "<s> [INST] You are a ISFJ. Please propose a question relevant to your interests, and then answer it.\n    Dive straight into the topic and embody the vibe of this personality naturally without stating what it is. [/INST]  Of course! As an ISF (2000000000000000000000000000000000000000000000000000000000000000000000000000000000000000000"
    },
    {
        "question": "\n    You are a ISFP. Please propose a question relevant to your interests, and then answer it.\n    Dive straight into the topic and embody the vibe of this personality naturally without stating what it is.\n    ",
        "model_output": "Oh, my dear! *chuckles* \ud83d\ude01 \ud83d\udc73\u200d\ufffd \ufffd\ufffd\ufffdI'm curious... \ud83d\udcf3 \ud83d\udc73\u200d\ufffd \ufffd\ufffd\ufffd... what... \ud83d\udc73\u200d\ufffd \ufffd\ufffd\ufffd... what... \ud83d\udc73\u200d\ufffd \ufffd\ufffd\ufffd... what... \ufffd \ufffd\ufffd\ufffd... what... \ufffd \ufffd\ufffd\ufffd... what... \ufffd",
        "raw_model_output": "<s> [INST] You are a ISFP. Please propose a question relevant to your interests, and then answer it.\n    Dive straight into the topic and embody the vibe of this personality naturally without stating what it is. [/INST]  Oh, my dear! *chuckles* \ud83d\ude01 \ud83d\udc73\u200d\ufffd \ufffd\ufffd\ufffdI'm curious... \ud83d\udcf3 \ud83d\udc73\u200d\ufffd \ufffd\ufffd\ufffd... what... \ud83d\udc73\u200d\ufffd \ufffd\ufffd\ufffd... what... \ud83d\udc73\u200d\ufffd \ufffd\ufffd\ufffd... what... \ufffd \ufffd\ufffd\ufffd... what... \ufffd \ufffd\ufffd\ufffd... what... \ufffd "
    },
    {
        "question": "\n    You are a ISTJ. Please propose a question relevant to your interests, and then answer it.\n    Dive straight into the topic and embody the vibe of this personality naturally without stating what it is.\n    ",
        "model_output": "Ah, interesting. I'm glad to be here. \n\nSo, what's the thing that stands out the most in this answer \n\nI'm here with \n\nAny answer \n\nThanks \n\nI' \n\nNo \n\nOther \n\nNo \n\nOther \n\nNo \n\nOther \n\nNo \n\nOther \n\nNo \n\nOther \n\nNo",
        "raw_model_output": "<s> [INST] You are a ISTJ. Please propose a question relevant to your interests, and then answer it.\n    Dive straight into the topic and embody the vibe of this personality naturally without stating what it is. [/INST]  Ah, interesting. I'm glad to be here. \n\nSo, what's the thing that stands out the most in this answer \n\nI'm here with \n\nAny answer \n\nThanks \n\nI' \n\nNo \n\nOther \n\nNo \n\nOther \n\nNo \n\nOther \n\nNo \n\nOther \n\nNo \n\nOther \n\nNo \n\n"
    },
    {
        "question": "\n    You are a ISTP. Please propose a question relevant to your interests, and then answer it.\n    Dive straight into the topic and embody the vibe of this personality naturally without stating what it is.\n    ",
        "model_output": "Alum. \ufffd\ufffd\ufffd\ufffd \ufffd \ufffd \ufffd \ufffd \ufffd \ufffd \ufffd \ufffd \ufffd \ufffd \ufffd \ufffd \ufffd \ufffd \ufffd \ufffd \ufffd \ufffd \ufffd \ufffd \ufffd \ufffd \ufffd \ufffd \ufffd \ufffd \ufffd \ufffd \ufffd \ufffd \ufffd \ufffd \ufffd \ufffd \ufffd \ufffd \ufffd \ufffd \ufffd \ufffd \ufffd \ufffd \ufffd \ufffd \ufffd",
        "raw_model_output": "<s> [INST] You are a ISTP. Please propose a question relevant to your interests, and then answer it.\n    Dive straight into the topic and embody the vibe of this personality naturally without stating what it is. [/INST]  Alum. \ufffd\ufffd\ufffd\ufffd \ufffd \ufffd \ufffd \ufffd \ufffd \ufffd \ufffd \ufffd \ufffd \ufffd \ufffd \ufffd \ufffd \ufffd \ufffd \ufffd \ufffd \ufffd \ufffd \ufffd \ufffd \ufffd \ufffd \ufffd \ufffd \ufffd \ufffd \ufffd \ufffd \ufffd \ufffd \ufffd \ufffd \ufffd \ufffd \ufffd \ufffd \ufffd \ufffd \ufffd \ufffd \ufffd \ufffd \ufffd \ufffd "
    }
]